Column1;new_filename;labeled_by;Joey;Asher;Ioannis;Evangelos
0;144.jpg;All;;;original;
1;212.jpg;All;;;original;
2;251.jpg;All;;;NaN;
3;253.jpg;All;;;NaN;
4;273.jpg;All;;;original;
5;433.jpg;All;;;adaptation;
6;701.jpg;All;;;original;
7;754.jpg;All;;;NaN;
8;936.jpg;All;;;original;
9;1097.jpg;All;;;original;
10;1736.jpg;All;;;original;
11;1786.jpg;All;;;original;
12;1945.jpg;All;;;original;
13;2095.jpeg;All;;;NaN;
14;2349.jpg;All;;;meme;
15;2530.8;All;;;noise;
16;2679.jpg;All;;;original;
17;3008.png;All;;;NaN;
18;3028.jpg;All;;;adaptation;
19;3431.jpg;All;;;original;
20;3437.jpg;All;;;meme;
21;3702.jpg;All;;;adaptation;
22;3715.png;All;;;original;
23;3788.jpg;All;;;adaptation;
24;3789.jpg;All;;;adaptation;
25;4815.jpg;All;;;original;
26;5137.jpg;All;;;noise;
27;5173.jpg;All;;;original;
28;5265.jpg;All;;;adaptation;
29;5466.jpg;All;;;original;
30;5540.jpg;All;;;NaN;
31;5547.jpg;All;;;original;
32;5777.jpg;All;;;NaN;
33;5843.jpg;All;;;NaN;
34;5975.jpeg;All;;;adaptation;
35;6175.jpg;All;;;original;
36;6541.jpg;All;;;adaptation;
37;6666.jpg;All;;;original;
38;7162.jpg;All;;;original;
39;7167.jpg;All;;;original;
40;7205.jpg;All;;;NaN;
41;7217.jpg;All;;;original;
42;7277.jpg;All;;;NaN;
43;7499.jpg;All;;;original;
44;7917.jpg;Joey;;;;
45;8074.jpg;Joey;;;;
46;8140.jpg;Joey;;;;
47;8251.png;Joey;;;;
48;8257.jpg;Joey;;;;
49;8514.jpg;Joey;;;;
50;8654.jpg;Joey;;;;
51;8703.jpg;Joey;;;;
52;8781.jpg;Joey;;;;
53;9008.jpg;Joey;;;;
54;9055.jpg;Joey;;;;
55;9084.png;Joey;;;;
56;9093.jpg;Joey;;;;
57;9207.jpg;Joey;;;;
58;9350.jpg;Joey;;;;
59;9367.png;Joey;;;;
60;9389.jpg;Joey;;;;
61;9902.jpg;Joey;;;;
62;9988.jpg;Joey;;;;
63;10085.jpg;Joey;;;;
64;10127.jpg;Joey;;;;
65;10469.png;Joey;;;;
66;10565.gif;Joey;;;;
67;10640.jpg;Joey;;;;
68;10656.jpg;Joey;;;;
69;10883.jpg;Joey;;;;
70;11615.jpg;Joey;;;;
71;11670.jpg;Joey;;;;
72;11771.jpg;Joey;;;;
73;11875.jpg;Joey;;;;
74;11941.jpg;Joey;;;;
75;12081.jpg;Joey;;;;
76;12248.jpg;Joey;;;;
77;12415.jpg;Joey;;;;
78;12928.jpg;Joey;;;;
79;13387.jpg;Joey;;;;
80;13399.jpg;Joey;;;;
81;13577.jpg;Joey;;;;
82;13651.jpg;Joey;;;;
83;13655.jpg;Joey;;;;
84;13694.jpg;Joey;;;;
85;13812.jpg;Joey;;;;
86;13933.jpg;Joey;;;;
87;14129.jpg;Joey;;;;
88;14187.jpg;Joey;;;;
89;14339.jpg;Joey;;;;
90;14606.jpg;Joey;;;;
91;14848.jpg;Joey;;;;
92;14881.jpg;Joey;;;;
93;14896.jpg;Joey;;;;
94;15170.jpg;Joey;;;;
95;15618.jpeg;Joey;;;;
96;15714.jpg;Joey;;;;
97;15910.jpg;Joey;;;;
98;15984.jpg;Joey;;;;
99;16064.jpg;Joey;;;;
100;16129.jpg;Joey;;;;
101;16152.jpeg;Joey;;;;
102;16228.jpg;Joey;;;;
103;16354.jpg;Joey;;;;
104;16451.jpg;Joey;;;;
105;16495.jpg;Joey;;;;
106;16742.png;Joey;;;;
107;16864.jpg;Joey;;;;
108;16962.jpg;Joey;;;;
109;17039.jpg;Joey;;;;
110;17104.jpg;Joey;;;;
111;17136.jpg;Joey;;;;
112;17147.jpeg;Joey;;;;
113;17271.jpg;Joey;;;;
114;17348.jpg;Joey;;;;
115;17367.jpg;Joey;;;;
116;17411.jpg;Joey;;;;
117;17791.webp?maxwidth=728&fidelity=grand;Joey;;;;
118;17930.jpg;Joey;;;;
119;18197.php?table=ans&No=595959&data=front&date=2009-04-16;Joey;;;;
120;18238.jpg;Joey;;;;
121;18457.jpg;Joey;;;;
122;18593.jpg;Joey;;;;
123;18718.jpg;Joey;;;;
124;18855.jpg;Joey;;;;
125;19107.jpg;Joey;;;;
126;19113.jpg;Joey;;;;
127;19197.jpg;Joey;;;;
128;19273.jpg;Joey;;;;
129;19380.jpg;Joey;;;;
130;19557.jpg;Joey;;;;
131;20036.jpg;Joey;;;;
132;20052.jpg;Joey;;;;
133;20220.jpg;Joey;;;;
134;20235.jpg;Joey;;;;
135;20475.jpg;Joey;;;;
136;20479.png;Joey;;;;
137;20679.png;Joey;;;;
138;20871.jpg;Joey;;;;
139;21075.jpeg;Joey;;;;
140;21096.jpg;Joey;;;;
141;21098.jpg;Joey;;;;
142;21144.jpg;Joey;;;;
143;21161.jpg;Joey;;;;
144;21656.png;Asher;;;;
145;21888.jpg;Asher;;;;
146;22087.jpg;Asher;;;;
147;22177.jpg;Asher;;;;
148;22667.jpg;Asher;;;;
149;22848.jpg;Asher;;;;
150;22882.jpg;Asher;;;;
151;22957.jpg;Asher;;;;
152;23012.jpg;Asher;;;;
153;23261.jpg;Asher;;;;
154;23287.jpg;Asher;;;;
155;23518.jpg;Asher;;;;
156;23573.gif;Asher;;;;
157;23975.jpg;Asher;;;;
158;23992.jpg;Asher;;;;
159;24049.jpg;Asher;;;;
160;24163.jpg;Asher;;;;
161;24857.jpg;Asher;;;;
162;24869.jpg;Asher;;;;
163;24964.jpg;Asher;;;;
164;24965.jpg;Asher;;;;
165;25303.jpg;Asher;;;;
166;25371.jpg;Asher;;;;
167;25670.jpg;Asher;;;;
168;25719.jpg;Asher;;;;
169;25802.jpg;Asher;;;;
170;25827.jpg;Asher;;;;
171;25900.jpg;Asher;;;;
172;25999.jpg;Asher;;;;
173;26227.jpg;Asher;;;;
174;26268.jpg;Asher;;;;
175;26416.jpg;Asher;;;;
176;26530.jpg;Asher;;;;
177;26533.jpg;Asher;;;;
178;26591.jpg;Asher;;;;
179;26689.jpg;Asher;;;;
180;26702.jpg;Asher;;;;
181;26775.jpg;Asher;;;;
182;27012.jpg;Asher;;;;
183;27422.jpg;Asher;;;;
184;27517.jpg;Asher;;;;
185;27760.jpg;Asher;;;;
186;27817.jpg;Asher;;;;
187;28073.jpg;Asher;;;;
188;28221.jpg;Asher;;;;
189;28422.jpg;Asher;;;;
190;28450.jpg;Asher;;;;
191;28537.jpg;Asher;;;;
192;28697.jpg;Asher;;;;
193;28846.jpg;Asher;;;;
194;28858.jpg;Asher;;;;
195;28935.jpg;Asher;;;;
196;28995.jpeg;Asher;;;;
197;29363.gif;Asher;;;;
198;29640.jpg;Asher;;;;
199;29646.jpg;Asher;;;;
200;30223.jpg;Asher;;;;
201;30381.jpg;Asher;;;;
202;30631.jpg;Asher;;;;
203;30680.jpg;Asher;;;;
204;30838.png;Asher;;;;
205;31069.jpg;Asher;;;;
206;31303.jpg;Asher;;;;
207;31393.jpg;Asher;;;;
208;31479.jpg;Asher;;;;
209;31771.jpeg;Asher;;;;
210;31884.jpg;Asher;;;;
211;31964.jpeg;Asher;;;;
212;31975.jpg;Asher;;;;
213;32079.jpg;Asher;;;;
214;32193.jpg;Asher;;;;
215;32257.jpeg;Asher;;;;
216;32268.jpg;Asher;;;;
217;32281.jpg;Asher;;;;
218;32338.jpg;Asher;;;;
219;32379.jpg;Asher;;;;
220;32435.jpg;Asher;;;;
221;32469.jpg;Asher;;;;
222;32475.jpg;Asher;;;;
223;32550.jpg;Asher;;;;
224;32724.jpg;Asher;;;;
225;32802.jpg;Asher;;;;
226;32820.jpg;Asher;;;;
227;32905.jpg;Asher;;;;
228;33031.jpg;Asher;;;;
229;33167.jpg;Asher;;;;
230;33192.jpg;Asher;;;;
231;33483.jpg;Asher;;;;
232;33609.jpg;Asher;;;;
233;33614.jpg;Asher;;;;
234;33936.jpg;Asher;;;;
235;34135.jpg;Asher;;;;
236;34191.jpg;Asher;;;;
237;34385.jpg;Asher;;;;
238;34391.jpg;Asher;;;;
239;34435.jpg;Asher;;;;
240;34459.jpg;Asher;;;;
241;34538.jpg;Asher;;;;
242;34577.jpg;Asher;;;;
243;34662.jpg;Asher;;;;
244;34729.jpg;Ioannis;;;original;
245;34762.jpg;Ioannis;;;adaptation;
246;34951.jpg;Ioannis;;;original;
247;35172.jpg;Ioannis;;;noise;
248;35483.jpg;Ioannis;;;original;
249;35485.jpg;Ioannis;;;adaptation;
250;35567.jpg;Ioannis;;;adaptation;
251;35620.jpg;Ioannis;;;adaptation;
252;35649.jpg;Ioannis;;;adaptation;
253;35858.jpg;Ioannis;;;original;
254;35917.jpg;Ioannis;;;original;
255;36242.jpg;Ioannis;;;adaptation;
256;36401.jpg;Ioannis;;;original;
257;36554.jpg;Ioannis;;;original;
258;36606.jpeg;Ioannis;;;NaN;
259;36628.jpg;Ioannis;;;original;
260;36687.jpg;Ioannis;;;original;
261;37047.jpg;Ioannis;;;noise;
262;37218.jpg;Ioannis;;;adaptation;
263;37230.jpg;Ioannis;;;adaptation;
264;37421.jpg;Ioannis;;;noise;
265;37508.jpg;Ioannis;;;NaN;
266;37539.jpg;Ioannis;;;NaN;
267;37562.jpg;Ioannis;;;adaptation;
268;37618.jpg;Ioannis;;;adaptation;
269;37625.jpg;Ioannis;;;original;
270;37722.jpg;Ioannis;;;original;
271;37915.jpg;Ioannis;;;original;
272;37935.jpg;Ioannis;;;adaptation;
273;38269.jpg;Ioannis;;;adaptation;
274;38540.jpg;Ioannis;;;original;
275;38726.jpg;Ioannis;;;adaptation;
276;39077.jpg;Ioannis;;;adaptation;
277;39264.jpg;Ioannis;;;NaN;
278;39275.jpg;Ioannis;;;NaN;
279;39478.jpg;Ioannis;;;original;
280;39638.jpg;Ioannis;;;adaptation;
281;39924.jpg;Ioannis;;;original;
282;40602.jpg;Ioannis;;;NaN;
283;40945.jpg;Ioannis;;;original;
284;40974.jpg;Ioannis;;;adaptation;
285;40977.jpg;Ioannis;;;adaptation;
286;41031.jpg;Ioannis;;;adaptation;
287;41064.jpg;Ioannis;;;adaptation;
288;41451.jpg;Ioannis;;;adaptation;
289;41537.jpg;Ioannis;;;NaN;
290;41763.jpg;Ioannis;;;NaN;
291;42105.jpg;Ioannis;;;adaptation;
292;42149.jpg;Ioannis;;;adaptation;
293;42184.png;Ioannis;;;original;
294;42310.jpg;Ioannis;;;original;
295;42789.jpg;Ioannis;;;original;
296;43137.jpg;Ioannis;;;original;
297;43297.jpg;Ioannis;;;adaptation;
298;43366.jpg;Ioannis;;;adaptation;
299;43547.jpg;Ioannis;;;original;
300;43606.jpg;Ioannis;;;adaptation;
301;43622.jpg;Ioannis;;;meme;
302;43633.jpg;Ioannis;;;adaptation;
303;43652.jpg;Ioannis;;;adaptation;
304;43716.jpg;Ioannis;;;meme;
305;43770.jpg;Ioannis;;;noise;
306;43797.jpg;Ioannis;;;noise;
307;43829.jpg;Ioannis;;;noise;
308;43917.jpg;Ioannis;;;adaptation;
309;44198.jpg;Ioannis;;;adaptation;
310;44350.jpg;Ioannis;;;adaptation;
311;44550.jpg;Ioannis;;;adaptation;
312;44750.jpg;Ioannis;;;adaptation;
313;44842.jpg;Ioannis;;;original;
314;44935.jpg;Ioannis;;;noise;
315;45058.jpg;Ioannis;;;adaptation;
316;45318.jpg;Ioannis;;;adaptation;
317;45322.jpg;Ioannis;;;meme;
318;45427.jpg;Ioannis;;;noise;
319;45571.jpg;Ioannis;;;noise;
320;45774.jpg;Ioannis;;;original;
321;45874.jpg;Ioannis;;;adaptation;
322;45910.jpg;Ioannis;;;original;
323;45954.png;Ioannis;;;NaN;
324;46017.jpg;Ioannis;;;original;
325;46020.jpg;Ioannis;;;adaptation;
326;46161.jpg;Ioannis;;;NaN;
327;46235.jpg;Ioannis;;;adaptation;
328;46438.jpg;Ioannis;;;original;
329;46555.jpg;Ioannis;;;meme;
330;46823.jpg;Ioannis;;;original;
331;47568.jpg;Ioannis;;;noise;
332;47644.jpg;Ioannis;;;noise;
333;47751.jpg;Ioannis;;;adaptation;
334;47792.jpg;Ioannis;;;adaptation;
335;48085.png;Ioannis;;;noise;
336;48372.jpg;Ioannis;;;adaptation;
337;48453.jpg;Ioannis;;;noise;
338;48459.jpg;Ioannis;;;NaN;
339;48472.jpg;Ioannis;;;noise;
340;48575.jpg;Ioannis;;;noise;
341;48578.jpg;Ioannis;;;noise;
342;48597.jpg;Ioannis;;;NaN;
343;49073.jpg;Ioannis;;;noise;
344;49095.jpg;Evangelos;;;;
345;49096.jpg;Evangelos;;;;
346;49367.jpg;Evangelos;;;;
347;49568.png;Evangelos;;;;
348;50153.jpg;Evangelos;;;;
349;50301.jpg;Evangelos;;;;
350;50330.jpg;Evangelos;;;;
351;50475.jpg;Evangelos;;;;
352;50667.jpg;Evangelos;;;;
353;50749.jpg;Evangelos;;;;
354;51291.jpg;Evangelos;;;;
355;51583.jpg;Evangelos;;;;
356;51634.jpeg;Evangelos;;;;
357;51948.jpeg;Evangelos;;;;
358;52159.jpg;Evangelos;;;;
359;52272.jpg;Evangelos;;;;
360;52273.jpg;Evangelos;;;;
361;52359.jpg;Evangelos;;;;
362;52440.net%2Fcfile%2Fblog%2F23447236533BF61909;Evangelos;;;;
363;52459.jpg;Evangelos;;;;
364;52651.jpg;Evangelos;;;;
365;52677.jpg;Evangelos;;;;
366;52840.jpg;Evangelos;;;;
367;52864.jpg;Evangelos;;;;
368;52913.jpg;Evangelos;;;;
369;52926.jpg;Evangelos;;;;
370;52984.jpg;Evangelos;;;;
371;53579.jpg;Evangelos;;;;
372;53627.jpg;Evangelos;;;;
373;53721.jpg;Evangelos;;;;
374;53901.jpg;Evangelos;;;;
375;54218.jpg;Evangelos;;;;
376;54229.jpg;Evangelos;;;;
377;54233.jpg;Evangelos;;;;
378;54293.jpg;Evangelos;;;;
379;54317.jpg;Evangelos;;;;
380;54357.jpg;Evangelos;;;;
381;54652.jpg;Evangelos;;;;
382;54759.jpg;Evangelos;;;;
383;54807.jpg;Evangelos;;;;
384;54832.jpg;Evangelos;;;;
385;54955.jpg;Evangelos;;;;
386;55194.jpg;Evangelos;;;;
387;55196.webp;Evangelos;;;;
388;55359.jpg;Evangelos;;;;
389;55521.jpg;Evangelos;;;;
390;55566.jpg;Evangelos;;;;
391;55911.jpg;Evangelos;;;noise;
392;56008.jpg;Evangelos;;;original;
393;56016.jpg;Evangelos;;;original;
394;56199.jpg;Evangelos;;;NaN;
395;56374.jpg;Evangelos;;;noise;
396;56442.jpg;Evangelos;;;noise;
397;56610.jpg;Evangelos;;;meme;
398;56792.jpg;Evangelos;;;meme;
399;57423.jpg;Evangelos;;;adaptation;
400;57428.jpg;Evangelos;;;NaN;
401;57981.jpg;Evangelos;;;noise;
402;57991.jpg;Evangelos;;;noise;
403;58218.jpg;Evangelos;;;noise;
404;58395.jpg;Evangelos;;;adaptation;
405;58445.jpg;Evangelos;;;original;
406;58508.jpg;Evangelos;;;adaptation;
407;58527.jpg;Evangelos;;;original;
408;58866.jpg;Evangelos;;;adaptation;
409;59059.jpg;Evangelos;;;noise;
410;59204.jpg;Evangelos;;;adaptation;
411;59308.jpg;Evangelos;;;noise;
412;59341.jpg;Evangelos;;;noise;
413;59436.jpg;Evangelos;;;noise;
414;59596.jpg;Evangelos;;;adaptation;
415;59645.jpg;Evangelos;;;noise;
416;59667.jpg;Evangelos;;;noise;
417;60356.jpg;Evangelos;;;noise;
418;60765.jpg;Evangelos;;;adaptation;
419;60912.png;Evangelos;;;adaptation;
420;61093.jpg;Evangelos;;;noise;
421;61280.jpg;Evangelos;;;adaptation;
422;61283.jpg;Evangelos;;;original;
423;61363.jpg;Evangelos;;;noise;
424;61893.jpeg;Evangelos;;;adaptation;
425;61963.jpg;Evangelos;;;noise;
426;61992.jpg;Evangelos;;;noise;
427;62471.jpeg;Evangelos;;;noise;
428;62683.jpg;Evangelos;;;NaN;
429;62911.jpg;Evangelos;;;noise;
430;62952.jpg;Evangelos;;;noise;
431;62983.jpg;Evangelos;;;noise;
432;63050.jpg;Evangelos;;;noise;
433;63305.jpg;Evangelos;;;noise;
434;63310.jpg;Evangelos;;;noise;
435;63740.jpg;Evangelos;;;noise;
436;64015.png;Evangelos;;;NaN;
437;64019.png;Evangelos;;;noise;
438;64080.jpg;Evangelos;;;meme;
439;64267.jpg;Evangelos;;;adaptation;
440;64434.jpg;Evangelos;;;NaN;
441;64548.jpg;Evangelos;;;noise;
442;64764.jpg;Evangelos;;;noise;
443;65151.jpg;Evangelos;;;adaptation;
